first_name,last_name,email,genre
Aaron,Mitchell,aaronmitchell@yahoo.ca,Rock
Alexandre,Rocha,alero@uol.com.br,Rock
Astrid,Gruber,astrid.gruber@apple.at,Rock
Bjørn,Hansen,bjorn.hansen@yahoo.no,Rock
Camille,Bernard,camille.bernard@yahoo.fr,Rock
Daan,Peeters,daan_peeters@apple.be,Rock
Diego,Gutiérrez,diego.gutierrez@yahoo.ar,Rock
Dan,Miller,dmiller@comcast.com,Rock
Dominique,Lefebvre,dominiquelefebvre@gmail.com,Rock
Edward,Francis,edfrancis@yachoo.ca,Rock
Eduardo,Martins,eduardo@woodstock.com.br,Rock
Ellie,Sullivan,ellie.sullivan@shaw.ca,Rock
Emma,Jones,emma_jones@hotmail.com,Rock
Enrique,Muñoz,enrique_munoz@yahoo.es,Rock
Fernanda,Ramos,fernadaramos4@uol.com.br,Rock
Frank,Harris,fharris@google.com,Rock
Frank,Ralston,fralston@gmail.com,Rock
František,Wichterlová,frantisekw@jetbrains.com,Rock
François,Tremblay,ftremblay@gmail.com,Rock
Fynn,Zimmermann,fzimmermann@yahoo.de,Rock
Hannah,Schneider,hannah.schneider@yahoo.de,Rock
Helena,Holý,hholy@gmail.com,Rock
Heather,Leacock,hleacock@gmail.com,Rock
Hugh,O'Reilly,hughoreilly@apple.ie,Rock
Isabelle,Mercier,isabelle_mercier@apple.fr,Rock
Jack,Smith,jacksmith@microsoft.com,Rock
Jennifer,Peterson,jenniferp@rogers.ca,Rock
João,Fernandes,jfernandes@yahoo.pt,Rock
Joakim,Johansson,joakim.johansson@yahoo.se,Rock
Johannes,"Van der Berg",johavanderberg@yahoo.nl,Rock
John,Gordon,johngordon22@yahoo.com,Rock
Julia,Barnett,jubarnett@gmail.com,Rock
Kathy,Chase,kachase@hotmail.com,Rock
Kara,Nielsen,kara.nielsen@jubii.dk,Rock
Ladislav,Kovács,ladislav_kovacs@apple.hu,Rock
Leonie,Köhler,leonekohler@surfeu.de,Rock
Lucas,Mancini,lucas.mancini@yahoo.it,Rock
Luís,Gonçalves,luisg@embraer.com.br,Rock
Luis,Rojas,luisrojas@yahoo.cl,Rock
Manoj,Pareek,manoj.pareek@rediff.com,Rock
Marc,Dubois,marc.dubois@hotmail.com,Rock
Mark,Taylor,mark.taylor@yahoo.au,Rock
Martha,Silk,marthasilk@gmail.com,Rock
Madalena,Sampaio,masampaio@sapo.pt,Rock
Mark,Philips,mphilips12@shaw.ca,Rock
Niklas,Schröder,nschroder@surfeu.de,Rock
Patrick,Gray,patrick.gray@aol.com,Rock
Phil,Hughes,phil.hughes@gmail.com,Rock
Richard,Cunningham,ricunningham@hotmail.com,Rock
Rishabh,Mishra,rishabh_mishra@yahoo.in,Rock
Robert,Brown,robbrown@shaw.ca,Rock
Roberto,Almeida,roberto.almeida@riotur.gov.br,Rock
Stanisław,Wójcik,stanisław.wójcik@wp.pl,Rock
Steve,Murray,steve.murray@yahoo.uk,Rock
Terhi,Hämäläinen,terhi.hamalainen@apple.fi,Rock
Tim,Goyer,tgoyer@apple.com,Rock
Victor,Stevens,vstevens@yahoo.com,Rock
Wyatt,Girard,wyatt.girard@yahoo.fr,Rock
